<?xml version='1.0' encoding='UTF-8' ?>
<timeLogEntries>
  <time id="1" path="/Non Project/PSP Training/Program 1/Planning" start="@1629961594610" delta="12" />
  <time id="2" path="/Non Project/PSP Training/Program 1/Planning" start="@1629962358879" delta="1" />
  <time id="3" path="/Non Project/PSP Training/Program 1/Design" start="@1629962490849" delta="18" />
  <time id="4" path="/Non Project/PSP Training/Program 1/Code" start="@1630018227787" delta="49" />
  <time id="5" path="/Non Project/PSP Training/Program 1/Code" start="@1630032342263" delta="107" />
  <time id="6" path="/Non Project/PSP Training/Program 1/Compile" start="@1630038826707" delta="8" />
  <time id="7" path="/Non Project/PSP Training/Program 1/Test" start="@1630039856140" delta="1" />
  <time id="8" path="/Non Project/PSP Training/Program 1/Postmortem" start="@1630039845787" delta="3" />
  <time id="9" path="/Non Project/PSP Training/Program 4/Planning" start="@1632679958920" delta="108" />
  <time id="10" path="/Non Project/PSP Training/Program 4/Planning" start="@1632693149379" delta="10" />
  <time id="12" path="/Non Project/PSP Training/Program 4/Planning" start="@1632693939377" delta="47" />
  <time id="13" path="/Non Project/PSP Training/Program 4/Design" start="@1632696810998" delta="21" />
  <time id="14" path="/Non Project/PSP Training/Program 4/Design" start="@1632699096787" delta="17" />
  <time id="15" path="/Non Project/PSP Training/Program 4/Design" start="@1632702733514" delta="6" />
  <time id="16" path="/Non Project/PSP Training/Program 4/Design" start="@1632856413436" delta="41" />
  <time id="17" path="/Non Project/PSP Training/Program 4/Design" start="@1632864677411" delta="89" interrupt="6" />
  <time id="18" path="/Non Project/PSP Training/Program 4/Design" start="@1632871675954" delta="5" />
</timeLogEntries>
