<?xml version='1.0' encoding='UTF-8' ?>
<timeLogEntries>
  <time id="19" path="/Non Project/PSP Training/Program 4/Design" start="@1633029572114" delta="71" interrupt="9" flag="A" />
  <time id="20" path="/Non Project/PSP Training/Program 4/Design" start="@1633041125575" delta="8" flag="A" />
  <time id="21" path="/Non Project/PSP Training/Program 4/Design Review" start="@1633049481096" delta="18" flag="A" />
  <time id="22" path="/Non Project/PSP Training/Program 4/Code" start="@1633051152268" delta="36" flag="A" />
  <time id="23" path="/Non Project/PSP Training/Program 4/Code" start="@1633056518195" delta="52" flag="A" />
  <time id="24" path="/Non Project/PSP Training/Program 4/Code Review" start="@1633059952479" delta="6" flag="A" />
  <time id="25" path="/Non Project/PSP Training/Program 4/Code Review" start="@1633061535331" delta="21" flag="A" />
  <time id="26" path="/Non Project/PSP Training/Program 4/Test" start="@1633063253252" delta="1" flag="A" />
</timeLogEntries>
