<?xml version='1.0' encoding='UTF-8' ?>
<timeLogEntries>
  <time id="1" path="/Non Project/PSP Training/Program 1/Planning" start="@1629961594610" delta="12" />
  <time id="2" path="/Non Project/PSP Training/Program 1/Planning" start="@1629962358879" delta="1" />
  <time id="3" path="/Non Project/PSP Training/Program 1/Design" start="@1629962490849" delta="18" />
  <time id="4" path="/Non Project/PSP Training/Program 1/Code" start="@1630018227787" delta="49" />
  <time id="5" path="/Non Project/PSP Training/Program 1/Code" start="@1630032342263" delta="107" />
  <time id="6" path="/Non Project/PSP Training/Program 1/Compile" start="@1630038826707" delta="8" />
  <time id="7" path="/Non Project/PSP Training/Program 1/Test" start="@1630039856140" delta="1" />
  <time id="8" path="/Non Project/PSP Training/Program 1/Postmortem" start="@1630039845787" delta="3" />
  <time id="9" path="/Non Project/PSP Training/Program 4/Planning" start="@1632679958920" delta="108" />
  <time id="10" path="/Non Project/PSP Training/Program 4/Planning" start="@1632693149379" delta="10" />
  <time id="12" path="/Non Project/PSP Training/Program 4/Planning" start="@1632693939377" delta="47" />
  <time id="13" path="/Non Project/PSP Training/Program 4/Design" start="@1632696810998" delta="21" />
  <time id="14" path="/Non Project/PSP Training/Program 4/Design" start="@1632699096787" delta="17" />
  <time id="15" path="/Non Project/PSP Training/Program 4/Design" start="@1632702733514" delta="6" />
  <time id="16" path="/Non Project/PSP Training/Program 4/Design" start="@1632856413436" delta="41" />
  <time id="17" path="/Non Project/PSP Training/Program 4/Design" start="@1632864677411" delta="89" interrupt="6" />
  <time id="18" path="/Non Project/PSP Training/Program 4/Design" start="@1632871675954" delta="5" />
  <time id="19" path="/Non Project/PSP Training/Program 4/Design" start="@1633029572114" delta="71" interrupt="9" />
  <time id="20" path="/Non Project/PSP Training/Program 4/Design" start="@1633041125575" delta="8" />
  <time id="21" path="/Non Project/PSP Training/Program 4/Design Review" start="@1633049481096" delta="18" />
  <time id="22" path="/Non Project/PSP Training/Program 4/Code" start="@1633051152268" delta="36" />
  <time id="23" path="/Non Project/PSP Training/Program 4/Code" start="@1633056518195" delta="52" />
  <time id="24" path="/Non Project/PSP Training/Program 4/Code Review" start="@1633059952479" delta="6" />
  <time id="25" path="/Non Project/PSP Training/Program 4/Code Review" start="@1633061535331" delta="21" />
  <time id="26" path="/Non Project/PSP Training/Program 4/Test" start="@1633063253252" delta="1" />
  <time id="27" path="/Non Project/PSP Training/Program 5/Planning" start="@1633218774122" delta="15" />
  <time id="28" path="/Non Project/PSP Training/Program 5/Planning" start="@1633347866622" delta="14" />
  <time id="29" path="/Non Project/PSP Training/Program 5/Planning" start="@1633348714168" delta="7" />
  <time id="30" path="/Non Project/PSP Training/Program 5/Planning" start="@1633349337911" delta="6" />
  <time id="31" path="/Non Project/PSP Training/Program 5/Design" start="@1633349682245" delta="19" />
  <time id="32" path="/Non Project/PSP Training/Program 5/Design" start="@1633429743940" delta="126" />
  <time id="33" path="/Non Project/PSP Training/Program 5/Design" start="@1633440709664" delta="26" />
</timeLogEntries>
