<?xml version='1.0' encoding='UTF-8' ?>
<timeLogEntries>
  <time id="1" path="/Non Project/PSP Training/Program 1/Planning" start="@1629961594610" delta="12" flag="A" />
  <time id="2" path="/Non Project/PSP Training/Program 1/Planning" start="@1629962358879" delta="1" flag="A" />
  <time id="3" path="/Non Project/PSP Training/Program 1/Design" start="@1629962490849" delta="18" flag="A" />
  <time id="4" path="/Non Project/PSP Training/Program 1/Code" start="@1630018227787" delta="49" flag="A" />
  <time id="5" path="/Non Project/PSP Training/Program 1/Code" start="@1630032342263" delta="107" flag="A" />
  <time id="6" path="/Non Project/PSP Training/Program 1/Compile" start="@1630038826707" delta="8" flag="A" />
  <time id="7" path="/Non Project/PSP Training/Program 1/Test" start="@1630039856140" delta="1" flag="A" />
  <time id="8" path="/Non Project/PSP Training/Program 1/Postmortem" start="@1630039845787" delta="3" flag="A" />
</timeLogEntries>
